<?xml version="1.0" encoding="UTF-8"?>
<project-private xmlns="http://www.netbeans.org/ns/project-private/1">
    <editor-bookmarks xmlns="http://www.netbeans.org/ns/editor-bookmarks/2" lastBookmarkId="0"/>
    <open-files xmlns="http://www.netbeans.org/ns/projectui-open-files/2">
        <group>
            <file>file:/C:/Users/hp/Music/SCD_LAB_PROJECT-main/SCD_Lab_Project/SCD_Lab_Project/src/Admin/AddBooks.java</file>
            <file>file:/C:/Users/hp/Music/SCD_LAB_PROJECT-main/SCD_Lab_Project/SCD_Lab_Project/src/Admin/Admin_Homepage.java</file>
            <file>file:/C:/Users/hp/Music/SCD_LAB_PROJECT-main/SCD_Lab_Project/SCD_Lab_Project/src/students/Issue_Book.java</file>
            <file>file:/C:/Users/hp/Music/SCD_LAB_PROJECT-main/SCD_Lab_Project/SCD_Lab_Project/src/Admin/Delete_Book.java</file>
            <file>file:/C:/Users/hp/Music/SCD_LAB_PROJECT-main/SCD_Lab_Project/SCD_Lab_Project/src/Admin/AddStudents.java</file>
            <file>file:/C:/Users/hp/Music/SCD_LAB_PROJECT-main/SCD_Lab_Project/SCD_Lab_Project/test/Admin/AddBooksTest.java</file>
            <file>file:/C:/Users/hp/Music/SCD_LAB_PROJECT-main/SCD_Lab_Project/SCD_Lab_Project/test/Admin/AddStudentsTest.java</file>
        </group>
    </open-files>
</project-private>
